Code,Gemeindename,Kanton,municipality_type
4551,Aadorf,TG,Land
4001,Aarau,AG,Stadt
301,Aarberg,BE,Land
4271,Aarburg,AG,Agglomeration
321,Aarwangen,BE,Land
4221,Abtwil,AG,Land
5621,Aclens,VD,Land
5048,Acquarossa,TI,Land
561,Adelboden,BE,Land
1051,Adligenswil,LU,Agglomeration
21,Adlikon,ZH,Land
131,Adliswil,ZH,Agglomeration
2421,Aedermannsdorf,SO,Land
401,Aefligen,BE,Land
731,Aegerten,BE,Agglomeration
2761,Aesch,BL,Agglomeration
1021,Aesch,LU,Land
241,Aesch,ZH,Land
2511,Aeschi,SO,Land
562,Aeschi bei Spiez,BE,Land
1,Aeugst am Albis,ZH,Land
4711,Affeltrangen,TG,Land
2,Affoltern am Albis,ZH,Agglomeration
951,Affoltern im Emmental,BE,Land
6101,Agarn,VS,Land
5742,Agiez,VD,Land
5141,Agno,TI,Agglomeration
5401,Aigle,VD,Land
6601,Aire-la-Ville,GE,Land
5061,Airolo,TI,Land
1121,Alberswil,LU,Land
6102,Albinen,VS,Land
3542,Albula/Alvra,GR,Land
402,Alchenstorf,BE,Land
5851,Allaman,VD,Land
6771,Alle,JU,Land
630,Allmendingen,BE,Land
2762,Allschwil,BL,Agglomeration
1401,Alpnach,OW,Land
1361,Alpthal,SZ,Land
1122,Altbüron,LU,Land
1201,Altdorf,UR,Land
1341,Altendorf,SZ,Land
2291,Alterswil,FR,Land
211,Altikon,ZH,Land
1123,Altishofen,LU,Land
4641,Altnau,TG,Land
5237,Alto Malcantone,TI,Land
3251,Altstätten,SG,Stadt
1022,Altwis,LU,Land
3311,Amden,SG,Land
4881,Amlikon-Bissegg,TG,Land
4191,Ammerswil,AG,Land
4461,Amriswil,TG,Land
921,Amsoldingen,BE,Land
3701,Andeer,GR,Land
30,Andelfingen,ZH,Land
1202,Andermatt,UR,Land
3441,Andwil,SG,Land
6602,Anières,GE,Land
6252,Anniviers,VS,Land
2841,Anwil,BL,Land
3101,Appenzell,AI,Land
5421,Apples,VD,Land
5143,Aranno,TI,Land
6261,Arbaz,VS,Land
5001,Arbedo-Castione,TI,Agglomeration
2881,Arboldswil,BL,Land
4401,Arbon,TG,Stadt
381,Arch,BE,Land
2171,Arconciel,FR,Land
6021,Ardon,VS,Agglomeration
2821,Arisdorf,BL,Land
4222,Aristau,AG,Land
2763,Arlesheim,BL,Agglomeration
5701,Arnex-sur-Nyon,VD,Land
5743,Arnex-sur-Orbe,VD,Land
4061,Arni,AG,Land
602,Arni,BE,Land
5144,Arogno,TI,Land
3921,Arosa,GR,Land
1362,Arth,SZ,Land
5702,Arzier-Le Muids,VD,Land
5091,Ascona,TI,Agglomeration
5511,Assens,VD,Land
5146,Astano,TI,Land
2321,Attalens,FR,Land
1203,Attinghausen,UR,Land
971,Attiswil,BE,Land
3231,Au,SG,Agglomeration
5422,Aubonne,VD,Land
2061,Auboranges,FR,Land
4091,Auenstein,AG,Land
2822,Augst,BL,Agglomeration
6191,Ausserberg,VS,Land
322,Auswil,BE,Land
2173,Autigny,FR,Land
4223,Auw,AG,Land
5324,Avegno Gordevio,TI,Land
5451,Avenches,VD,Land
3681,Avers,GR,Land
2174,Avry,FR,Land
6603,Avully,GE,Land
6604,Avusy,GE,Land
6082,Ayent,VS,Land
1701,Baar,ZG,Agglomeration
51,Bachenbülach,ZH,Agglomeration
81,Bachs,ZH,Land
3291,Bad Ragaz,SG,Land
4323,Bad Zurzach,AG,Land
4021,Baden,AG,Stadt
6031,Bagnes,VS,Land
4301,Baldingen,AG,Land
5242,Balerna,TI,Agglomeration
3232,Balgach,SG,Agglomeration
5744,Ballaigues,VD,Land
5423,Ballens,VD,Land
1023,Ballwil,LU,Land
2541,Balm bei Günsberg,SO,Land
2422,Balsthal,SO,Land
6281,Baltschieder,VS,Land
323,Bannwil,BE,Land
6605,Bardonnex,GE,Land
302,Bargen,BE,Land
2931,Bargen,SH,Land
2162,Bas-Intyamon,FR,Land
4536,Basadingen-Schlattingen,TG,Land
2701,Basel,BS,Stadt
6807,Basse-Allaine,JU,Land
52,Bassersdorf,ZH,Agglomeration
5703,Bassins,VD,Land
1204,Bauen,UR,Land
5745,Baulmes,VD,Land
297,Bauma,ZH,Land
5746,Bavois,VD,Land
571,Beatenberg,BE,Land
1501,Beckenried,NW,Land
5148,Bedano,TI,Agglomeration
5149,Bedigliora,TI,Land
5063,Bedretto,TI,Land
2951,Beggingen,SH,Land
5704,Begnins,VD,Land
4224,Beinwil,AG,Land
2612,Beinwil,SO,Land
4131,Beinwil am See,AG,Land
2175,Belfaux,FR,Agglomeration
2542,Bellach,SO,Agglomeration
6606,Bellevue,GE,Land
4022,Bellikon,AG,Land
5002,Bellinzona,TI,Stadt
732,Bellmund,BE,Agglomeration
6052,Bellwald,VS,Land
2053,Belmont-Broye,FR,Land
5581,Belmont-sur-Lausanne,VD,Agglomeration
5902,Belmont-sur-Yverdon,VD,Land
861,Belp,BE,Land
681,Belprahon,BE,Land
3312,Benken,SG,Land
22,Benken,ZH,Land
2882,Bennwil,BL,Land
5512,Bercher,VD,Land
3211,Berg,SG,Land
4891,Berg,TG,Land
23,Berg am Irchel,ZH,Land
4023,Bergdietikon,AG,Agglomeration
3544,Bergün Filisur,GR,Land
4062,Berikon,AG,Agglomeration
2932,Beringen,SH,Land
972,Berken,BE,Land
4801,Berlingen,TG,Land
351,Bern,BE,Stadt
3233,Berneck,SG,Agglomeration
6607,Bernex,GE,Agglomeration
5424,Berolle,VD,Land
1081,Beromünster,LU,Land
4226,Besenbüren,AG,Land
973,Bettenhausen,BE,Land
5471,Bettens,VD,Land
2702,Bettingen,BS,Agglomeration
2543,Bettlach,SO,Land
6205,Bettmeralp,VS,Land
4716,Bettwiesen,TG,Land
4227,Bettwil,AG,Land
6773,Beurnevésin,JU,Land
3781,Bever,GR,Land
5402,Bex,VD,Land
5281,Biasca,TI,Land
2513,Biberist,SO,Agglomeration
4002,Biberstein,AG,Land
4721,Bichelsee-Balterswil,TG,Land
2764,Biel-Benken,BL,Land
371,Biel/Bienne,BE,Stadt
2445,Biezwil,SO,Land
603,Biglen,BE,Land
2063,Billens-Hennens,FR,Land
6054,Binn,VS,Land
2765,Binningen,BL,Agglomeration
5151,Bioggio,TI,Agglomeration
5903,Bioley-Magnoux,VD,Land
5513,Bioley-Orjulaz,VD,Land
242,Birmensdorf,ZH,Land
4024,Birmenstorf,AG,Land
4092,Birr,AG,Land
4093,Birrhard,AG,Land
4132,Birrwil,AG,Land
2766,Birsfelden,BL,Agglomeration
4901,Birwinken,TG,Land
4471,Bischofszell,TG,Land
5154,Bissone,TI,Land
6172,Bister,VS,Land
6173,Bitsch,VS,Land
5425,Bière,VD,Land
6192,Blatten,VS,Land
2781,Blauen,BL,Land
324,Bleienbach,BE,Land
5049,Blenio,TI,Land
5881,Blonay,VD,Agglomeration
922,Blumenstein,BE,Land
5064,Bodio,TI,Land
5747,Bofflens,VD,Land
5705,Bogis-Bossey,VD,Agglomeration
2514,Bolken,SO,Land
352,Bolligen,BE,Agglomeration
791,Boltigen,BE,Land
3721,Bonaduz,GR,Land
6774,Boncourt,JU,Land
6775,Bonfol,JU,Land
2571,Boningen,SO,Land
4192,Boniswil,AG,Land
3,Bonstetten,ZH,Land
5551,Bonvillars,VD,Land
82,Boppelsen,ZH,Land
5706,Borex,VD,Land
5304,Bosco/Gurin,TI,Land
2323,Bossonnens,FR,Land
4228,Boswil,AG,Land
5514,Bottens,VD,Land
4273,Bottenwil,AG,Land
2123,Botterens,FR,Land
4643,Bottighofen,TG,Land
2767,Bottmingen,BL,Agglomeration
6404,Boudry,NE,Land
5426,Bougy-Villars,VD,Land
5661,Boulens,VD,Land
6032,Bourg-Saint-Pierre,VS,Land
5613,Bourg-en-Lavaux,VD,Land
5472,Bournens,VD,Land
6703,Bourrignon,JU,Land
5473,Boussens,VD,Land
6131,Bovernier,VS,Land
605,Bowil,BE,Land
6702,Boécourt,JU,Land
4723,Braunau,TG,Land
3792,Bregaglia,GR,Land
5269,Breggia,TI,Land
3981,Breil/Brigels,GR,Land
2613,Breitenbach,SO,Land
5622,Bremblens,VD,Land
4063,Bremgarten,AG,Agglomeration
353,Bremgarten bei Bern,BE,Agglomeration
606,Brenzikofen,BE,Land
5515,Bretigny-sur-Morrens,VD,Land
5748,Bretonnières,VD,Land
2883,Bretzwil,BL,Land
573,Brienz,BE,Land
574,Brienzwiler,BE,Land
6002,Brig-Glis,VS,Land
5095,Brione,TI,Land
5096,Brione sopra Minusio,TI,Agglomeration
2782,Brislach,BL,Land
5097,Brissago,TI,Land
4274,Brittnau,AG,Agglomeration
2124,Broc,FR,Land
6433,Brot-Plamboz,NE,Land
4095,Brugg,AG,Stadt
4193,Brunegg,AG,Land
5160,Brusino Arsizio,TI,Land
3551,Brusio,GR,Land
733,Brügg,BE,Agglomeration
2292,Brünisried,FR,Land
491,Brüttelen,BE,Land
213,Brütten,ZH,Land
2823,Bubendorf,BL,Land
112,Bubikon,ZH,Land
2961,Buch,SH,Land
24,Buch am Irchel,ZH,Land
2933,Buchberg,SH,Land
2465,Buchegg,SO,Land
923,Buchholterberg,BE,Land
5623,Buchillon,VD,Land
1052,Buchrain,LU,Agglomeration
4003,Buchs,AG,Agglomeration
3271,Buchs,SG,Land
83,Buchs,ZH,Land
2843,Buckten,BL,Land
2125,Bulle,FR,Land
5552,Bullet,VD,Land
1502,Buochs,NW,Land
6778,Bure,JU,Land
4133,Burg,AG,Land
2783,Burg im Leimental,BL,Land
404,Burgdorf,BE,Land
863,Burgistein,BE,Land
5852,Bursinel,VD,Land
5853,Bursins,VD,Land
5854,Burtigny,VD,Land
3804,Buseno,GR,Land
5624,Bussigny,VD,Agglomeration
4921,Bussnang,TG,Land
325,Busswil bei Melchnau,BE,Land
5625,Bussy-Chardonney,VD,Land
5663,Bussy-sur-Moudon,VD,Land
1083,Buttisholz,LU,Land
4230,Buttwil,AG,Land
2844,Buus,BL,Land
111,Bäretswil,ZH,Land
403,Bäriswil,BE,Agglomeration
2611,Bärschwil,SO,Land
533,Bätterkinden,BE,Land
2471,Bättwil,SO,Land
4302,Böbikon,AG,Land
2842,Böckten,BL,Land
572,Bönigen,BE,Land
2295,Bösingen,FR,Land
4303,Böttstein,AG,Land
4124,Bözberg,AG,Land
4094,Bözen,AG,Land
382,Büetigen,BE,Land
734,Bühl,BE,Land
3021,Bühler,AR,Land
53,Bülach,ZH,Agglomeration
4229,Bünzen,AG,Land
6193,Bürchen,VS,Land
2472,Büren,SO,Land
383,Büren an der Aare,BE,Land
4911,Bürglen,TG,Land
1205,Bürglen,UR,Land
1082,Büron,LU,Land
2614,Büsserach,SO,Land
3395,Bütschwil-Ganterschwil,SG,Land
2914,Büttenhardt,SH,Land
4064,Büttikon,AG,Land
5161,Cademario,TI,Land
5162,Cadempino,TI,Agglomeration
5003,Cadenazzo,TI,Land
3837,Calanca,GR,Land
3831,Cama,GR,Land
5307,Campo,TI,Land
5167,Canobbio,TI,Agglomeration
5226,Capriasca,TI,Land
6608,Carouge,GE,Agglomeration
6609,Cartigny,GE,Land
5171,Caslano,TI,Agglomeration
3805,Castaneda,GR,Land
5249,Castel San Pietro,TI,Agglomeration
3703,Casti-Wergenstein,GR,Land
3661,Cazis,GR,Land
3782,Celerina/Schlarigna,GR,Land
5397,Centovalli,TI,Land
5309,Cerentino,TI,Land
5310,Cevio,TI,Land
6232,Chalais,VS,Land
1702,Cham,ZG,Agglomeration
5904,Chamblon,VD,Land
6022,Chamoson,VS,Land
5553,Champagne,VD,Land
683,Champoz,BE,Land
5812,Champtauroz,VD,Land
5905,Champvent,VD,Land
6151,Champéry,VS,Land
6611,Chancy,GE,Land
2066,Chapelle,FR,Land
5882,Chardonne,VD,Agglomeration
6132,Charrat,VS,Land
5707,Chavannes-de-Bogis,VD,Agglomeration
5708,Chavannes-des-Bois,VD,Land
5907,Chavannes-le-Chêne,VD,Land
5475,Chavannes-le-Veyron,VD,Land
5627,Chavannes-près-Renens,VD,Agglomeration
5665,Chavannes-sur-Moudon,VD,Land
5749,Chavornay,VD,Land
2009,Cheiry,FR,Land
5909,Cheseaux-Noréaz,VD,Land
5582,Cheseaux-sur-Lausanne,VD,Land
5403,Chessel,VD,Land
5476,Chevilly,VD,Land
5813,Chevroux,VD,Land
5601,Chexbres,VD,Land
2055,Cheyres-Châbles,FR,Land
5250,Chiasso,TI,Agglomeration
5628,Chigny,VD,Agglomeration
6235,Chippis,VS,Land
6614,Choulex,GE,Land
3901,Chur,GR,Stadt
3911,Churwalden,GR,Land
5841,Château-d'Oex,VD,Land
2325,Châtel-Saint-Denis,FR,Land
2128,Châtel-sur-Montsalvens,FR,Land
2008,Châtillon,FR,Land
6704,Châtillon,JU,Land
2068,Châtonnaye,FR,Land
2177,Chénens,FR,Land
5709,Chéserex,VD,Land
6612,Chêne-Bougeries,GE,Agglomeration
6613,Chêne-Bourg,GE,Agglomeration
5908,Chêne-Pâquier,VD,Land
5629,Clarmont,VD,Land
661,Clavaleyres,BE,Land
6808,Clos du Doubs,JU,Land
6781,Coeuve,JU,Land
5710,Coinsins,VD,Land
5251,Coldrerio,TI,Agglomeration
6615,Collex-Bossy,GE,Land
5236,Collina d'Oro,TI,Agglomeration
6152,Collombey-Muraz,VS,Land
6616,Collonge-Bellerive,GE,Agglomeration
6211,Collonges,VS,Land
6617,Cologny,GE,Agglomeration
5176,Comano,TI,Agglomeration
5711,Commugny,VD,Agglomeration
5554,Concise,VD,Land
6618,Confignon,GE,Agglomeration
3881,Conters im Prättigau,GR,Land
6023,Conthey,VS,Agglomeration
5712,Coppet,VD,Agglomeration
5404,Corbeyrier,VD,Land
2129,Corbières,FR,Land
687,Corcelles,BE,Land
6407,Corcelles-Cormondrèche,NE,Agglomeration
5785,Corcelles-le-Jorat,VD,Land
5555,Corcelles-près-Concise,VD,Land
5816,Corcelles-près-Payerne,VD,Land
431,Corgémont,BE,Land
5102,Corippo,TI,Land
2183,Corminboeuf,FR,Agglomeration
432,Cormoret,BE,Land
6451,Cornaux,NE,Land
6782,Cornol,JU,Land
5883,Corseaux,VD,Agglomeration
6619,Corsier,GE,Land
5884,Corsier-sur-Vevey,VD,Agglomeration
6408,Cortaillod,NE,Land
433,Cortébert,BE,Land
5477,Cossonay,VD,Land
2186,Cottens,FR,Land
5478,Cottens,VD,Land
6706,Courchapoix,JU,Land
6783,Courchavon,JU,Land
6784,Courgenay,JU,Land
2250,Courgevaux,FR,Land
6708,Courrendlin,JU,Land
6709,Courroux,JU,Land
690,Court,BE,Land
6785,Courtedoux,JU,Land
434,Courtelary,BE,Land
2254,Courtepin,FR,Land
6710,Courtételle,JU,Land
6253,Crans-Montana,VS,Land
5713,Crans-près-Céligny,VD,Land
5714,Crassier,VD,Land
2257,Cressier,FR,Land
6452,Cressier,NE,Land
5583,Crissier,VD,Agglomeration
5178,Croglio,TI,Land
5910,Cronay,VD,Land
5752,Croy,VD,Land
691,Crémines,BE,Land
2130,Crésuz,FR,Land
5479,Cuarnens,VD,Land
5911,Cuarny,VD,Land
5456,Cudrefin,VD,Land
5138,Cugnasco-Gerra,TI,Land
2011,Cugy,FR,Land
5516,Cugy,VD,Land
5180,Cureglia,TI,Agglomeration
5181,Curio,TI,Land
5669,Curtilles,VD,Land
6610,Céligny,GE,Land
25,Dachsen,ZH,Land
1125,Dagmersellen,LU,Land
5480,Daillens,VD,Land
1503,Dallenwil,NW,Land
5071,Dalpe,TI,Land
6787,Damphreux,JU,Land
6620,Dardagny,GE,Land
3851,Davos,GR,Land
3401,Degersheim,SG,Land
535,Deisswil bei Münchenbuchsee,BE,Land
2516,Deitingen,SO,Land
2051,Delley-Portalban,FR,Land
6711,Delémont,JU,Land
5631,Denens,VD,Land
5632,Denges,VD,Agglomeration
4004,Densbüren,AG,Land
2517,Derendingen,SO,Agglomeration
6712,Develier,JU,Land
2884,Diegten,BL,Land
86,Dielsdorf,ZH,Land
536,Diemerswil,BE,Land
762,Diemtigen,BE,Land
2845,Diepflingen,BL,Land
3234,Diepoldsau,SG,Agglomeration
1053,Dierikon,LU,Agglomeration
385,Diessbach bei Büren,BE,Land
4545,Diessenhofen,TG,Land
243,Dietikon,ZH,Agglomeration
54,Dietlikon,ZH,Agglomeration
4231,Dietwil,AG,Land
216,Dinhard,ZH,Land
4194,Dintikon,AG,Land
3982,Disentis/Mustér,GR,Land
2784,Dittingen,BL,Land
5481,Dizy,VD,Land
3722,Domat/Ems,GR,Land
3673,Domleschg,GR,Land
5671,Dompierre,VD,Land
3705,Donat,GR,Land
5913,Donneloye,VD,Land
1001,Doppleschwand,LU,Land
26,Dorf,ZH,Land
2473,Dornach,SO,Agglomeration
6212,Dorénaz,VS,Land
4065,Dottikon,AG,Land
386,Dotzigen,BE,Land
4406,Dozwil,TG,Land
2535,Drei Höfe,SO,Land
2785,Duggingen,BL,Land
5715,Duillier,VD,Land
2573,Dulliken,SO,Agglomeration
5855,Dully,VD,Land
214,Dägerlen,ZH,Land
84,Dällikon,ZH,Land
2572,Däniken,SO,Land
85,Dänikon,ZH,Land
575,Därligen,BE,Land
761,Därstetten,BE,Land
215,Dättlikon,ZH,Land
5912,Démoret,VD,Land
2915,Dörflingen,SH,Land
4304,Döttingen,AG,Land
191,Dübendorf,ZH,Agglomeration
2293,Düdingen,FR,Land
113,Dürnten,ZH,Land
952,Dürrenroth,BE,Land
4134,Dürrenäsch,AG,Land
1054,Ebikon,LU,Agglomeration
3352,Ebnat-Kappel,SG,Land
5518,Echallens,VD,Land
5633,Echandens,VD,Agglomeration
2131,Echarlens,FR,Land
5634,Echichens,VD,Land
5482,Eclépens,VD,Land
2072,Ecublens,FR,Land
5635,Ecublens,VD,Agglomeration
6713,Ederswiler,JU,Land
4096,Effingen,AG,Land
2401,Egerkingen,SO,Land
192,Egg,ZH,Land
4066,Eggenwil,AG,Land
6004,Eggerberg,VS,Land
3212,Eggersriet,SG,Land
901,Eggiwil,BE,Land
55,Eglisau,ZH,Land
4195,Egliswil,AG,Land
4411,Egnach,TG,Land
1127,Egolzwil,LU,Land
4049,Ehrendingen,AG,Land
1084,Eich,LU,Land
3252,Eichberg,SG,Land
4161,Eiken,AG,Land
1301,Einsiedeln,SZ,Land
6194,Eischoll,VS,Land
6282,Eisten,VS,Land
4097,Elfingen,AG,Land
294,Elgg,ZH,Land
218,Ellikon an der Thur,ZH,Land
219,Elsau,ZH,Agglomeration
6283,Embd,VS,Land
56,Embrach,ZH,Agglomeration
1024,Emmen,LU,Agglomeration
1504,Emmetten,NW,Land
4305,Endingen,AG,Land
1402,Engelberg,OW,Land
6453,Enges,NE,Land
4026,Ennetbaden,AG,Agglomeration
1505,Ennetbürgen,NW,Land
1506,Ennetmoos,NW,Land
1002,Entlebuch,LU,Land
5584,Epalinges,VD,Agglomeration
2189,Ependes,FR,Land
5914,Ependes,VD,Land
2574,Eppenberg-Wöschnau,SO,Agglomeration
735,Epsach,BE,Land
2885,Eptingen,BL,Land
6104,Ergisch,VS,Land
953,Eriswil,BE,Land
924,Eriz,BE,Land
492,Erlach,BE,Land
4476,Erlen,TG,Land
151,Erlenbach,ZH,Agglomeration
763,Erlenbach im Simmental,BE,Land
4005,Erlinsbach,AG,Agglomeration
2503,Erlinsbach,SO,Agglomeration
4646,Ermatingen,TG,Land
1025,Ermensee,LU,Land
6056,Ernen,VS,Land
2615,Erschwil,SO,Land
405,Ersigen,BE,Land
1206,Erstfeld,UR,Land
1026,Eschenbach,LU,Land
3342,Eschenbach,SG,Land
4806,Eschenz,TG,Land
692,Eschert,BE,Land
4724,Eschlikon,TG,Agglomeration
1010,Escholzmatt-Marbach,LU,Land
5788,Essertes,VD,Land
5856,Essertines-sur-Rolle,VD,Land
5520,Essertines-sur-Yverdon,VD,Land
2054,Estavayer,FR,Land
5521,Etagnières,VD,Land
5636,Etoy,VD,Land
2768,Ettingen,BL,Land
1128,Ettiswil,LU,Land
2518,Etziken,SO,Land
372,Evilard,BE,Agglomeration
6213,Evionnaz,VS,Land
6083,Evolène,VS,Land
5716,Eysins,VD,Agglomeration
925,Fahrni,BE,Land
4196,Fahrwangen,AG,Land
6789,Fahy,JU,Land
5072,Faido,TI,Land
3572,Falera,GR,Land
5458,Faoug,VD,Land
975,Farnern,BE,Land
172,Fehraltorf,ZH,Land
2616,Fehren,SO,Land
4561,Felben-Wellhausen,TG,Land
2544,Feldbrunnen-St. Niklaus,SO,Agglomeration
3731,Felsberg,GR,Land
6195,Ferden,VS,Land
662,Ferenbalm,BE,Land
2194,Ferpicloz,FR,Land
3713,Ferrera,GR,Land
5483,Ferreyres,VD,Land
27,Feuerthalen,ZH,Agglomeration
1321,Feusisberg,SZ,Land
5522,Fey,VD,Land
3861,Fideris,GR,Land
6057,Fiesch,VS,Land
6058,Fieschertal,VS,Land
5556,Fiez,VD,Land
6214,Finhaut,VS,Land
493,Finsterhennen,BE,Land
1129,Fischbach,LU,Land
4067,Fischbach-Göslikon,AG,Land
114,Fischenthal,ZH,Land
4726,Fischingen,TG,Land
4306,Fisibach,AG,Land
4027,Fislisbach,AG,Agglomeration
28,Flaach,ZH,Land
3402,Flawil,SG,Land
3662,Flerden,GR,Land
3732,Flims,GR,Land
2545,Flumenthal,SO,Land
3292,Flums,SG,Land
29,Flurlingen,ZH,Agglomeration
3951,Fläsch,GR,Land
1207,Flüelen,UR,Land
1004,Flühli,LU,Land
5557,Fontaines-sur-Grandson,VD,Land
6790,Fontenais,JU,Land
5604,Forel,VD,Land
948,Forst-Längenbühl,BE,Land
5717,Founex,VD,Agglomeration
5105,Frasco,TI,Land
538,Fraubrunnen,BE,Land
4566,Frauenfeld,TG,Land
663,Frauenkappelen,BE,Land
1322,Freienbach,SZ,Agglomeration
57,Freienstein-Teufen,ZH,Agglomeration
4028,Freienwil,AG,Land
607,Freimettigen,BE,Land
2824,Frenkendorf,BL,Agglomeration
2196,Fribourg,FR,Stadt
4163,Frick,AG,Land
5523,Froideville,VD,Land
563,Frutigen,BE,Land
2258,Fräschels,FR,Land
2575,Fulenbach,SO,Land
4307,Full-Reuenthal,AG,Land
6133,Fully,VS,Land
3862,Furna,GR,Land
193,Fällanden,ZH,Land
5427,Féchy,VD,Land
2016,Fétigny,FR,Land
2825,Füllinsdorf,BL,Agglomeration
3633,Fürstenau,GR,Land
4571,Gachnang,TG,Land
3022,Gais,AR,Land
3442,Gaiserwald,SG,Agglomeration
1342,Galgenen,SZ,Land
2259,Galmiz,FR,Land
494,Gals,BE,Land
5398,Gambarogno,TI,Land
6118,Gampel-Bratsch,VS,Land
495,Gampelen,BE,Land
3272,Gams,SG,Land
4164,Gansingen,AG,Land
4029,Gebenstorf,AG,Agglomeration
2846,Gelterkinden,BL,Land
4232,Geltwil,AG,Land
2474,Gempen,SO,Land
2260,Gempenach,FR,Land
5718,Genolier,VD,Land
6622,Genthod,GE,Land
6621,Genève,GE,Stadt
2519,Gerlafingen,SO,Agglomeration
244,Geroldswil,ZH,Agglomeration
1311,Gersau,SZ,Land
866,Gerzensee,BE,Land
1130,Gettnau,LU,Land
1085,Geuensee,LU,Land
2236,Gibloux,FR,Land
2826,Giebenach,BL,Land
5559,Giez,VD,Land
2294,Giffers,FR,Land
5857,Gilly,VD,Land
5428,Gimel,VD,Land
5719,Gingins,VD,Land
5073,Giornico,TI,Land
4165,Gipf-Oberfrick,AG,Land
1055,Gisikon,LU,Land
1403,Giswil,OW,Land
2197,Givisiez,FR,Agglomeration
5720,Givrins,VD,Land
5721,Gland,VD,Agglomeration
1632,Glarus,GL,Land
1630,Glarus Nord,GL,Land
1631,Glarus Süd,GL,Land
58,Glattfelden,ZH,Land
2022,Gletterens,FR,Land
3213,Goldach,SG,Agglomeration
5484,Gollion,VD,Land
3341,Gommiswald,SG,Land
6077,Goms,VS,Land
326,Gondiswil,BE,Land
3102,Gonten,AI,Land
4135,Gontenschwil,AG,Land
5108,Gordola,TI,Land
3443,Gossau,SG,Agglomeration
115,Gossau,ZH,Land
4651,Gottlieben,TG,Land
5541,Goumoëns,VD,Land
976,Graben,BE,Land
3273,Grabs,SG,Land
5186,Grancia,TI,Agglomeration
5485,Grancy,VD,Land
5817,Grandcour,VD,Land
5560,Grandevent,VD,Land
6792,Grandfontaine,JU,Land
5561,Grandson,VD,Land
694,Grandval,BE,Land
2134,Grandvillard,FR,Land
2328,Granges,FR,Land
2198,Granges-Paccot,FR,Agglomeration
2079,Grangettes,FR,Land
5187,Gravesano,TI,Agglomeration
194,Greifensee,ZH,Agglomeration
2786,Grellingen,BL,Land
2546,Grenchen,SO,Land
2261,Greng,FR,Land
6177,Grengiols,VS,Land
5722,Grens,VD,Land
1056,Greppen,LU,Land
2576,Gretzenbach,SO,Land
6263,Grimisuat,VS,Agglomeration
2617,Grindel,SO,Land
576,Grindelwald,BE,Land
2200,Grolley,FR,Land
3832,Grono,GR,Land
303,Grossaffoltern,BE,Land
1131,Grossdietwil,LU,Land
608,Grosshöchstetten,BE,Land
1086,Grosswangen,LU,Land
3031,Grub,AR,Land
2135,Gruyères,FR,Land
5405,Gryon,VD,Land
6285,Grächen,VS,Land
4006,Gränichen,AG,Agglomeration
6238,Grône,VS,Land
116,Grüningen,ZH,Land
3961,Grüsch,GR,Land
841,Gsteig,BE,Land
577,Gsteigwiler,BE,Land
852,Guggisberg,BE,Land
2578,Gunzgen,SO,Land
665,Gurbrü,BE,Land
2262,Gurmels,FR,Land
1209,Gurtnellen,UR,Land
867,Gurzelen,BE,Land
782,Guttannen,BE,Land
6117,Guttet-Feschel,VS,Land
6624,Gy,GE,Land
2901,Gächlingen,SH,Land
2423,Gänsbrunnen,SO,Land
1208,Göschenen,UR,Land
578,Gündlischwand,BE,Land
2547,Günsberg,SO,Land
4656,Güttingen,TG,Land
579,Habkern,BE,Land
4099,Habsburg,AG,Land
220,Hagenbuch,ZH,Land
736,Hagneck,BE,Land
3941,Haldenstein,GR,Agglomeration
2971,Hallau,SH,Land
4197,Hallwil,AG,Land
2520,Halten,SO,Land
1005,Hasle,LU,Land
406,Hasle bei Burgdorf,BE,Land
783,Hasliberg,BE,Land
2491,Hauenstein-Ifenthal,SO,Land
4486,Hauptwil-Gottshaus,TG,Land
4100,Hausen,AG,Agglomeration
4,Hausen am Albis,ZH,Land
2121,Haut-Intyamon,FR,Land
6809,Haute-Ajoie,JU,Land
6729,Haute-Sorne,JU,Land
2233,Hauterive,FR,Land
6454,Hauterive,NE,Agglomeration
2137,Hauteville,FR,Land
5,Hedingen,ZH,Agglomeration
4416,Hefenhofen,TG,Land
3032,Heiden,AR,Land
927,Heiligenschwendi,BE,Land
928,Heimberg,BE,Agglomeration
977,Heimenhausen,BE,Land
407,Heimiswil,BE,Land
2296,Heitenried,FR,Land
4251,Hellikon,AG,Land
408,Hellsau,BE,Land
3372,Hemberg,SG,Land
2962,Hemishofen,SH,Land
2848,Hemmiken,BL,Land
4198,Hendschiken,AG,Land
31,Henggart,ZH,Land
5819,Henniez,VD,Land
2424,Herbetswil,SO,Land
610,Herbligen,BE,Land
4811,Herdern,TG,Land
1507,Hergiswil,NW,Land
1132,Hergiswil bei Willisau,LU,Land
3001,Herisau,AR,Agglomeration
6625,Hermance,GE,Land
5673,Hermenches,VD,Land
737,Hermrigen,BE,Land
152,Herrliberg,ZH,Agglomeration
2827,Hersberg,BL,Land
4166,Herznach,AG,Land
979,Herzogenbuchsee,BE,Land
221,Hettlingen,ZH,Land
1088,Hildisrieden,LU,Land
929,Hilterfingen,BE,Agglomeration
2618,Himmelried,SO,Land
409,Hindelbank,BE,Land
117,Hinwil,ZH,Land
4007,Hirschthal,AG,Land
173,Hittnau,ZH,Land
1030,Hitzkirch,LU,Land
1031,Hochdorf,LU,Land
59,Hochfelden,ZH,Land
2475,Hochwald,SO,Land
580,Hofstetten bei Brienz,BE,Land
2476,Hofstetten-Flüh,SO,Land
1032,Hohenrain,LU,Land
4495,Hohentannen,TG,Land
4199,Holderbank,AG,Land
2425,Holderbank,SO,Land
4136,Holziken,AG,Land
931,Homberg,BE,Land
153,Hombrechtikon,ZH,Land
4816,Homburg,TG,Land
1057,Honau,LU,Land
295,Horgen,ZH,Agglomeration
4421,Horn,TG,Agglomeration
4167,Hornussen,AG,Land
932,Horrenbach-Buchen,BE,Land
2523,Horriwil,SO,Land
1058,Horw,LU,Agglomeration
1210,Hospental,UR,Land
2548,Hubersdorf,SO,Land
32,Humlikon,ZH,Land
3002,Hundwil,AR,Land
4200,Hunzenschwil,AG,Land
954,Huttwil,BE,Land
2847,Häfelfingen,BL,Land
2579,Hägendorf,SO,Agglomeration
3201,Häggenschwil,SG,Land
4068,Hägglingen,AG,Land
2402,Härkingen,SO,Land
609,Häutligen,BE,Land
6084,Hérémence,VS,Land
410,Höchstetten,BE,Land
2886,Hölstein,BL,Land
60,Höri,ZH,Agglomeration
1703,Hünenberg,ZG,Agglomeration
2524,Hüniken,SO,Land
61,Hüntwangen,ZH,Land
87,Hüttikon,ZH,Land
4590,Hüttlingen,TG,Land
4821,Hüttwilen,TG,Land
6239,Icogne,VS,Land
541,Iffwil,BE,Land
3619,Ilanz/Glion,GR,Land
1363,Illgau,SZ,Land
296,Illnau-Effretikon,ZH,Agglomeration
6109,Inden,VS,Land
1364,Ingenbohl,SZ,Land
980,Inkwil,BE,Land
1343,Innerthal,SZ,Land
784,Innertkirchen,BE,Land
496,Ins,BE,Land
581,Interlaken,BE,Land
1033,Inwil,LU,Land
739,Ipsach,BE,Agglomeration
582,Iseltwald,BE,Land
1211,Isenthal,UR,Land
4084,Islisberg,AG,Land
5009,Isone,TI,Land
6134,Isérables,VS,Land
2849,Itingen,BL,Agglomeration
362,Ittigen,BE,Agglomeration
868,Jaberg,BE,Land
2138,Jaun,FR,Land
540,Jegenstorf,BE,Land
3863,Jenaz,GR,Land
3952,Jenins,GR,Land
738,Jens,BE,Land
4071,Jonen,AG,Land
5885,Jongny,VD,Agglomeration
3405,Jonschwil,SG,Land
5804,Jorat-Menthue,VD,Land
5806,Jorat-Mézières,VD,Land
5585,Jouxtens-Mézery,VD,Agglomeration
5754,Juriens,VD,Land
6626,Jussy,GE,Land
4252,Kaiseraugst,AG,Agglomeration
4308,Kaiserstuhl,AG,Land
4169,Kaisten,AG,Land
4233,Kallern,AG,Land
304,Kallnach,BE,Land
3313,Kaltbrunn,SG,Land
2549,Kammersrohr,SO,Land
564,Kandergrund,BE,Land
565,Kandersteg,BE,Land
2580,Kappel,SO,Agglomeration
6,Kappel am Albis,ZH,Land
305,Kappelen,BE,Land
869,Kaufdorf,BE,Land
870,Kehrsatz,BE,Agglomeration
4666,Kemmental,TG,Land
411,Kernenried,BE,Land
1404,Kerns,OW,Land
2265,Kerzers,FR,Land
4426,Kesswil,TG,Land
2403,Kestenholz,SO,Land
2492,Kienberg,SO,Land
611,Kiesen,BE,Land
2851,Kilchberg,BL,Land
135,Kilchberg,ZH,Agglomeration
4030,Killwangen,AG,Agglomeration
6197,Kippel,VS,Land
412,Kirchberg,BE,Land
3392,Kirchberg,SG,Land
872,Kirchdorf,BE,Land
4275,Kirchleerau,AG,Land
354,Kirchlindach,BE,Land
33,Kleinandelfingen,ZH,Land
2266,Kleinbösingen,FR,Land
2619,Kleinlützel,SO,Land
4309,Klingnau,AG,Land
3871,Klosters-Serneus,GR,Land
62,Kloten,ZH,Agglomeration
7,Knonau,ZH,Land
1089,Knutwil,LU,Land
4310,Koblenz,AG,Land
612,Konolfingen,BE,Land
413,Koppigen,BE,Land
4501,Kradolf-Schönenberg,TG,Land
566,Krattigen,BE,Land
414,Krauchthal,BE,Land
4671,Kreuzlingen,TG,Land
666,Kriechenwil,BE,Land
2525,Kriegstetten,SO,Land
1059,Kriens,LU,Agglomeration
2850,Känerkinden,BL,Land
4276,Kölliken,AG,Land
355,Köniz,BE,Agglomeration
3882,Küblis,GR,Land
4031,Künten,AG,Land
154,Küsnacht,ZH,Agglomeration
1331,Küssnacht,SZ,Land
4008,Küttigen,AG,Agglomeration
5871,L'Abbaye,VD,Land
5741,L'Abergement,VD,Land
5486,L'Isle,VD,Land
6810,La Baroche,JU,Land
2234,La Brillaz,FR,Land
6432,La Brévine,NE,Land
5474,La Chaux,VD,Land
6421,La Chaux-de-Fonds,NE,Stadt
6744,La Chaux-des-Breuleux,JU,Land
6435,La Chaux-du-Milieu,NE,Land
6504,La Côte-aux-Fées,NE,Land
435,La Ferrière,BE,Land
6417,La Grande Béroche,NE,Land
723,La Neuveville,BE,Land
5758,La Praz,VD,Land
3785,La Punt-Chamues-ch,GR,Land
5726,La Rippe,VD,Land
2149,La Roche,FR,Land
6423,La Sagne,NE,Land
5498,La Sarraz,VD,Land
2235,La Sonnaz,FR,Land
5889,La Tour-de-Peilz,VD,Agglomeration
6461,La Tène,NE,Agglomeration
2338,La Verrerie,FR,Land
3575,Laax,GR,Land
1344,Lachen,SZ,Land
6627,Laconnex,GE,Land
6750,Lajoux,JU,Land
6286,Lalden,VS,Land
5189,Lamone,TI,Agglomeration
2887,Lampenberg,BL,Land
6628,Lancy,GE,Agglomeration
613,Landiswil,BE,Land
3955,Landquart,GR,Land
2888,Langenbruck,BL,Land
2550,Langendorf,SO,Agglomeration
329,Langenthal,BE,Land
136,Langnau am Albis,ZH,Agglomeration
902,Langnau im Emmental,BE,Land
4681,Langrickenbach,TG,Land
3513,Lantsch/Lenz,GR,Land
842,Lauenen,BE,Land
1365,Lauerz,SZ,Land
2787,Laufen,BL,Land
34,Laufen-Uhwiesen,ZH,Land
4170,Laufenburg,AG,Land
667,Laupen,BE,Land
2426,Laupersdorf,SO,Land
903,Lauperswil,BE,Land
5586,Lausanne,VD,Stadt
2828,Lausen,BL,Agglomeration
584,Lauterbrunnen,BE,Land
2889,Lauwil,BL,Land
5112,Lavertezzo,TI,Land
5406,Lavey-Morcles,VD,Land
5637,Lavigny,VD,Land
5323,Lavizzara,TI,Land
6061,Lax,VS,Land
6741,Le Bémont,JU,Land
6434,Le Cerneux-Péquignot,NE,Land
5872,Le Chenit,VD,Land
2067,Le Châtelard,FR,Land
2337,Le Flon,FR,Land
6623,Le Grand-Saconnex,GE,Agglomeration
6455,Le Landeron,NE,Land
5873,Le Lieu,VD,Land
6436,Le Locle,NE,Agglomeration
5587,Le Mont-sur-Lausanne,VD,Agglomeration
2220,Le Mouret,FR,Land
6754,Le Noirmont,JU,Land
2145,Le Pâquier,FR,Land
5731,Le Vaud,VD,Land
4311,Leibstadt,AG,Land
4137,Leimbach,AG,Land
585,Leissigen,BE,Land
4312,Lengnau,AG,Land
387,Lengnau,BE,Land
4683,Lengwil,TG,Land
792,Lenk,BE,Land
6240,Lens,VS,Land
4201,Lenzburg,AG,Land
6742,Les Bois,JU,Land
6431,Les Brenets,NE,Land
6743,Les Breuleux,JU,Land
5750,Les Clées,VD,Land
6745,Les Enfers,JU,Land
6748,Les Genevez,JU,Land
2050,Les Montets,FR,Land
6422,Les Planchettes,NE,Land
6437,Les Ponts-de-Martel,NE,Land
6511,Les Verrières,NE,Land
4313,Leuggern,AG,Land
6110,Leuk,VS,Land
6111,Leukerbad,VS,Land
4138,Leutwil,AG,Land
388,Leuzigen,BE,Land
5407,Leysin,VD,Land
6135,Leytron,VS,Land
3374,Lichtensteig,SG,Land
6033,Liddes,VS,Land
2890,Liedertswil,BL,Land
2788,Liesberg,BL,Land
2829,Liestal,BL,Agglomeration
740,Ligerz,BE,Land
5755,Lignerolle,VD,Land
6456,Lignières,NE,Land
176,Lindau,ZH,Land
614,Linden,BE,Land
5315,Linescio,TI,Land
5113,Locarno,TI,Stadt
3707,Lohn,GR,Land
2917,Lohn,SH,Land
2526,Lohn-Ammannsegg,SO,Land
4741,Lommis,TG,Land
2551,Lommiswil,SO,Land
5638,Lonay,VD,Agglomeration
5429,Longirod,VD,Land
5115,Losone,TI,Agglomeration
3821,Lostallo,GR,Land
2493,Lostorf,SO,Land
331,Lotzwil,BE,Land
5674,Lovatens,VD,Land
696,Loveresse,BE,Land
5675,Lucens,VD,Land
63,Lufingen,ZH,Land
5192,Lugano,TI,Stadt
6793,Lugnez,JU,Land
5858,Luins,VD,Land
2025,Lully,FR,Land
5639,Lully,VD,Land
5010,Lumino,TI,Land
3618,Lumnezia,GR,Land
1405,Lungern,OW,Land
4104,Lupfig,AG,Land
2830,Lupsingen,BL,Land
5487,Lussery-Villars,VD,Land
5640,Lussy-sur-Morges,VD,Land
2527,Luterbach,SO,Land
1135,Luthern,LU,Land
5606,Lutry,VD,Agglomeration
3033,Lutzenberg,AR,Land
3891,Luzein,GR,Land
1061,Luzern,LU,Stadt
306,Lyss,BE,Land
415,Lyssach,BE,Land
2852,Läufelfingen,BL,Land
2903,Löhningen,SH,Land
497,Lüscherz,BE,Land
2464,Lüsslingen-Nennigkofen,SO,Land
2455,Lüterkofen-Ichertswil,SO,Land
2456,Lüterswil-Gächliwil,SO,Land
3393,Lütisburg,SG,Land
586,Lütschental,BE,Land
955,Lützelflüh,BE,Land
332,Madiswil,BE,Land
3783,Madulain,GR,Land
4253,Magden,AG,Land
5317,Maggia,TI,Land
5193,Magliaso,TI,Agglomeration
3953,Maienfeld,GR,Land
2853,Maisprach,BL,Land
3954,Malans,GR,Land
1062,Malters,LU,Land
4826,Mammern,TG,Land
4105,Mandach,AG,Land
5194,Manno,TI,Agglomeration
5790,Maracon,VD,Land
3253,Marbach,SG,Agglomeration
5430,Marchissy,VD,Land
2206,Marly,FR,Land
5195,Maroggia,TI,Land
2140,Marsens,FR,Land
35,Marthalen,ZH,Land
6136,Martigny,VS,Land
6137,Martigny-Combe,VS,Land
8,Maschwanden,ZH,Land
3663,Masein,GR,Land
5196,Massagno,TI,Agglomeration
6215,Massongex,VS,Land
2086,Massonnens,FR,Land
5919,Mathod,VD,Land
3708,Mathon,GR,Land
2208,Matran,FR,Land
587,Matten bei Interlaken,BE,Land
543,Mattstetten,BE,Land
2427,Matzendorf,SO,Land
4591,Matzingen,TG,Land
5562,Mauborget,VD,Land
1091,Mauensee,LU,Land
195,Maur,ZH,Land
5488,Mauraz,VD,Land
3983,Medel,GR,Land
1063,Meggen,LU,Agglomeration
389,Meienried,BE,Land
1064,Meierskappel,LU,Land
307,Meikirch,BE,Land
156,Meilen,ZH,Agglomeration
6629,Meinier,GE,Land
390,Meinisberg,BE,Land
785,Meiringen,BE,Land
4202,Meisterschwanden,AG,Land
5197,Melano,TI,Land
333,Melchnau,BE,Land
5198,Melide,TI,Land
4314,Mellikon,AG,Land
4033,Mellingen,AG,Land
3293,Mels,SG,Land
2620,Meltingen,SO,Land
5254,Mendrisio,TI,Stadt
4139,Menziken,AG,Land
1704,Menzingen,ZG,Land
1136,Menznau,LU,Land
4234,Merenschwand,AG,Land
5117,Mergoscia,TI,Land
2936,Merishausen,SH,Land
6715,Mervelier,JU,Land
741,Merzligen,BE,Land
3822,Mesocco,GR,Land
2457,Messen,SO,Land
4184,Mettauertal,AG,Land
6716,Mettembert,JU,Land
9,Mettmenstetten,ZH,Land
2477,Metzerlen-Mariastein,SO,Land
5489,Mex,VD,Land
2271,Meyriez,FR,Land
6630,Meyrin,GE,Agglomeration
5199,Mezzovico-Vira,TI,Land
5723,Mies,VD,Agglomeration
5200,Miglieglia,TI,Land
6416,Milvignes,NE,Land
5118,Minusio,TI,Agglomeration
615,Mirchel,BE,Land
2272,Misery-Courtion,FR,Land
5821,Missy,VD,Land
6241,Miège,VS,Land
5490,Moiry,VD,Land
5431,Mollens,VD,Land
5921,Molondin,VD,Land
6090,Mont-Noble,VS,Land
437,Mont-Tramelan,BE,Land
2284,Mont-Vully,FR,Land
5491,Mont-la-Ville,VD,Land
5859,Mont-sur-Rolle,VD,Land
2029,Montagny,FR,Land
5922,Montagny-près-Yverdon,VD,Land
5693,Montanaire,VD,Land
5756,Montcherand,VD,Land
5238,Monteceneri,TI,Land
5202,Monteggio,TI,Land
2089,Montet,FR,Land
6751,Montfaucon,JU,Land
5432,Montherod,VD,Land
6153,Monthey,VS,Land
5540,Montilliez,VD,Land
5792,Montpreveyres,VD,Land
5886,Montreux,VD,Stadt
5492,Montricher,VD,Land
4277,Moosleerau,AG,Land
544,Moosseedorf,BE,Agglomeration
5257,Morbio Inferiore,TI,Agglomeration
5203,Morcote,TI,Land
5642,Morges,VD,Agglomeration
2143,Morlon,FR,Land
5527,Morrens,VD,Land
1366,Morschach,SZ,Land
3394,Mosnang,SG,Land
5678,Moudon,VD,Land
700,Moutier,BE,Land
6718,Movelier,JU,Land
4009,Muhen,AG,Land
4255,Mumpf,AG,Land
2274,Muntelier,FR,Land
3202,Muolen,SG,Land
1367,Muotathal,SZ,Land
5120,Muralto,TI,Agglomeration
4279,Murgenthal,AG,Land
4236,Muri,AG,Land
356,Muri bei Bern,BE,Agglomeration
6753,Muriaux,JU,Land
2275,Murten,FR,Land
5563,Mutrux,VD,Land
2770,Muttenz,BL,Agglomeration
5205,Muzzano,TI,Agglomeration
4032,Mägenwil,AG,Land
155,Männedorf,ZH,Agglomeration
4941,Märstetten,TG,Land
2027,Ménières,FR,Land
2087,Mézières,FR,Land
4254,Möhlin,AG,Land
196,Mönchaltorf,ZH,Land
4106,Mönthal,AG,Land
6203,Mörel-Filet,VS,Land
742,Mörigen,BE,Land
4203,Möriken-Wildegg,AG,Land
3214,Mörschwil,SG,Land
416,Mötschwil,BE,Land
4235,Mühlau,AG,Land
668,Mühleberg,BE,Land
4831,Müllheim,TG,Land
4107,Mülligen,AG,Land
2428,Mümliswil-Ramiswil,SO,Land
546,Münchenbuchsee,BE,Land
2769,Münchenstein,BL,Agglomeration
669,Münchenwiler,BE,Land
4172,Münchwilen,AG,Land
4746,Münchwilen,TG,Agglomeration
616,Münsingen,BE,Agglomeration
4691,Münsterlingen,TG,Land
498,Müntschemier,BE,Land
6007,Naters,VS,Land
1137,Nebikon,LU,Land
3378,Neckertal,SG,Land
88,Neerach,ZH,Land
223,Neftenbach,ZH,Agglomeration
5206,Neggio,TI,Agglomeration
6024,Nendaz,VS,Land
2789,Nenzlingen,BL,Land
3360,Nesslau,SG,Land
6458,Neuchâtel,NE,Stadt
2404,Neuendorf,SO,Land
670,Neuenegg,BE,Land
4034,Neuenhof,AG,Agglomeration
1093,Neuenkirch,LU,Land
2937,Neuhausen am Rheinfall,SH,Agglomeration
1705,Neuheim,ZG,Land
4601,Neunforn,TG,Land
2904,Neunkirch,SH,Land
2211,Neyruz,FR,Land
743,Nidau,BE,Agglomeration
981,Niederbipp,BE,Land
2405,Niederbuchsiten,SO,Land
3422,Niederbüren,SG,Land
2891,Niederdorf,BL,Land
6198,Niedergesteln,VS,Land
89,Niederglatt,ZH,Agglomeration
2495,Niedergösgen,SO,Land
90,Niederhasli,ZH,Agglomeration
3423,Niederhelfenschwil,SG,Land
617,Niederhünigen,BE,Land
4204,Niederlenz,AG,Land
877,Niedermuhlern,BE,Land
588,Niederried bei Interlaken,BE,Land
4035,Niederrohrdorf,AG,Land
91,Niederweningen,ZH,Land
4072,Niederwil,AG,Land
982,Niederönz,BE,Land
724,Nods,BE,Land
1094,Nottwil,LU,Land
5207,Novaggio,TI,Land
5564,Novalles,VD,Land
5260,Novazzano,TI,Agglomeration
5408,Noville,VD,Land
2478,Nuglar-St. Pantaleon,SO,Land
2621,Nunningen,SO,Land
2854,Nusshof,BL,Land
2035,Nuvilly,FR,Land
5724,Nyon,VD,Agglomeration
64,Nürensdorf,ZH,Land
357,Oberbalm,BE,Land
983,Oberbipp,BE,Land
2406,Oberbuchsiten,SO,Land
418,Oberburg,BE,Land
3424,Oberbüren,SG,Agglomeration
619,Oberdiessbach,BE,Land
2892,Oberdorf,BL,Land
1508,Oberdorf,NW,Land
2553,Oberdorf,SO,Agglomeration
3111,Oberegg,AI,Land
65,Oberembrach,ZH,Land
6112,Oberems,VS,Land
245,Oberengstringen,ZH,Agglomeration
4010,Oberentfelden,AG,Agglomeration
2528,Obergerlafingen,SO,Land
92,Oberglatt,ZH,Agglomeration
6076,Obergoms,VS,Land
2497,Obergösgen,SO,Agglomeration
2972,Oberhallau,SH,Land
3375,Oberhelfenschwil,SG,Land
4173,Oberhof,AG,Land
934,Oberhofen am Thunersee,BE,Agglomeration
629,Oberhünigen,BE,Land
1368,Oberiberg,SZ,Land
1095,Oberkirch,LU,Land
4140,Oberkulm,AG,Land
935,Oberlangenegg,BE,Land
4073,Oberlunkhofen,AG,Land
4256,Obermumpf,AG,Land
589,Oberried am Brienzersee,BE,Land
137,Oberrieden,ZH,Agglomeration
3254,Oberriet,SG,Land
4037,Oberrohrdorf,AG,Land
4237,Oberrüti,AG,Land
3988,Obersaxen Mundaun,GR,Land
4038,Obersiggenthal,AG,Agglomeration
334,Obersteckholz,BE,Land
620,Oberthal,BE,Land
3407,Oberuzwil,SG,Agglomeration
93,Oberweningen,ZH,Land
2771,Oberwil,BL,Agglomeration
391,Oberwil bei Büren,BE,Land
766,Oberwil im Simmental,BE,Land
4074,Oberwil-Lieli,AG,Land
1706,Oberägeri,ZG,Agglomeration
10,Obfelden,ZH,Land
985,Ochlenberg,BE,Land
2529,Oekingen,SO,Land
2407,Oensingen,SO,Land
335,Oeschenbach,BE,Land
4175,Oeschgen,AG,Land
157,Oetwil am See,ZH,Land
246,Oetwil an der Limmat,ZH,Agglomeration
4280,Oftringen,AG,Agglomeration
5680,Ogens,VD,Land
5409,Ollon,VD,Land
4257,Olsberg,AG,Land
2581,Olten,SO,Stadt
2855,Oltingen,BL,Land
6631,Onex,GE,Agglomeration
5565,Onnens,VD,Land
5136,Onsernone,TI,Land
66,Opfikon,ZH,Agglomeration
5923,Oppens,VD,Land
622,Oppligen,BE,Land
5757,Orbe,VD,Land
5924,Orges,VD,Land
5208,Origlio,TI,Land
2856,Ormalingen,BL,Land
5410,Ormont-Dessous,VD,Land
5411,Ormont-Dessus,VD,Land
5493,Orny,VD,Land
5805,Oron,VD,Land
744,Orpund,BE,Land
5121,Orselina,TI,Agglomeration
6034,Orsières,VS,Land
438,Orvin,BE,Land
5925,Orzens,VD,Land
37,Ossingen,ZH,Land
363,Ostermundigen,BE,Agglomeration
94,Otelfingen,ZH,Land
4205,Othmarsingen,AG,Land
11,Ottenbach,ZH,Land
5529,Oulens-sous-Echallens,VD,Land
5530,Pailly,VD,Land
5494,Pampigny,VD,Land
5210,Paradiso,TI,Agglomeration
5588,Paudex,VD,Agglomeration
5822,Payerne,VD,Land
5495,Penthalaz,VD,Land
5496,Penthaz,VD,Land
5531,Penthéréaz,VD,Land
6632,Perly-Certoux,GE,Land
701,Perrefitte,BE,Land
5860,Perroy,VD,Land
5076,Personico,TI,Land
6412,Peseux,NE,Agglomeration
716,Petit-Val,BE,Land
1139,Pfaffnau,LU,Land
2772,Pfeffingen,BL,Agglomeration
224,Pfungen,ZH,Land
4841,Pfyn,TG,Land
3294,Pfäfers,SG,Land
177,Pfäffikon,ZH,Land
2216,Pierrafortscha,FR,Land
392,Pieterlen,BE,Land
2299,Plaffeien,FR,Land
6633,Plan-les-Ouates,GE,Agglomeration
2300,Plasselb,FR,Land
726,Plateau de Diesse,BE,Land
6719,Pleigne,JU,Land
936,Pohlern,BE,Land
5533,Poliez-Pittet,VD,Land
5077,Pollegio,TI,Land
5497,Pompaples,VD,Land
5926,Pomy,VD,Land
2122,Pont-en-Ogoz,FR,Land
2147,Pont-la-Ville,FR,Land
5212,Ponte Capriasca,TI,Land
5213,Ponte Tresa,TI,Agglomeration
2217,Ponthaux,FR,Land
3784,Pontresina,GR,Land
6800,Porrentruy,JU,Land
745,Port,BE,Agglomeration
6154,Port-Valais,VS,Land
5214,Porza,TI,Agglomeration
3561,Poschiavo,GR,Land
5725,Prangins,VD,Agglomeration
5078,Prato,TI,Land
2831,Pratteln,BL,Agglomeration
6634,Pregny-Chambésy,GE,Land
5759,Premier,VD,Land
6635,Presinge,GE,Land
2237,Prez,FR,Land
5589,Prilly,VD,Agglomeration
5566,Provence,VD,Land
5643,Préverenges,VD,Agglomeration
2038,Prévondavaux,FR,Land
5683,Prévonloup,VD,Land
5607,Puidoux,VD,Land
5590,Pully,VD,Agglomeration
6636,Puplinge,GE,Agglomeration
5216,Pura,TI,Agglomeration
450,Péry-La Heutte,BE,Land
3295,Quarten,SG,Land
5079,Quinto,TI,Land
309,Radelfingen,BE,Land
67,Rafz,ZH,Land
1037,Rain,LU,Land
2832,Ramlinsburg,BL,Land
2963,Ramsen,SH,Land
5760,Rances,VD,Land
6287,Randa,VS,Land
4846,Raperswilen,TG,Land
310,Rapperswil,BE,Land
3340,Rapperswil-Jona,SG,Land
6199,Raron,VS,Land
1212,Realp,UR,Land
3255,Rebstein,SG,Agglomeration
715,Rebévelier,BE,Land
2530,Recherswil,SO,Land
2301,Rechthalten,FR,Land
703,Reconvilier,BE,Land
95,Regensberg,ZH,Land
96,Regensdorf,ZH,Agglomeration
3034,Rehetobel,AR,Land
567,Reichenbach im Kandertal,BE,Land
1345,Reichenburg,SZ,Land
1140,Reiden,LU,Land
2893,Reigoldswil,BL,Land
4141,Reinach,AG,Land
2773,Reinach,BL,Agglomeration
336,Reisiswil,BE,Land
4281,Reitnau,AG,Land
4315,Rekingen,AG,Land
2333,Remaufens,FR,Land
4039,Remetschwil,AG,Land
4110,Remigen,AG,Land
441,Renan,BE,Land
5591,Renens,VD,Agglomeration
5412,Rennaz,VD,Land
3035,Reute,AR,Land
767,Reutigen,BE,Land
5644,Reverolle,VD,Land
38,Rheinau,ZH,Land
3235,Rheineck,SG,Land
4258,Rheinfelden,AG,Agglomeration
3714,Rheinwald,GR,Land
3723,Rhäzüns,GR,Land
2148,Riaz,FR,Land
138,Richterswil,ZH,Agglomeration
2857,Rickenbach,BL,Land
1097,Rickenbach,LU,Land
2582,Rickenbach,SO,Agglomeration
4751,Rickenbach,TG,Agglomeration
225,Rickenbach,ZH,Land
6139,Riddes,VS,Land
2276,Ried bei Kerzers,FR,Land
6008,Ried-Brig,VS,Land
6181,Riederalp,VS,Land
2554,Riedholz,SO,Land
2703,Riehen,BS,Agglomeration
1369,Riemenstalden,SZ,Land
4316,Rietheim,AG,Land
12,Rifferswil,ZH,Land
879,Riggisberg,BE,Land
590,Ringgenberg,BE,Land
4111,Riniken,AG,Land
1707,Risch,ZG,Agglomeration
5263,Riva San Vitale,TI,Agglomeration
5609,Rivaz,VD,Land
5287,Riviera,TI,Land
5413,Roche,VD,Land
6413,Rochefort,NE,Land
704,Roches,BE,Land
2479,Rodersdorf,SO,Land
2790,Roggenburg,BL,Land
1142,Roggliswil,LU,Land
337,Roggwil,BE,Land
4431,Roggwil,TG,Land
2498,Rohr,SO,Land
338,Rohrbach,BE,Land
339,Rohrbachgraben,BE,Land
5861,Rolle,VD,Land
5761,Romainmôtier-Envy,VD,Land
5592,Romanel-sur-Lausanne,VD,Agglomeration
5645,Romanel-sur-Morges,VD,Land
4436,Romanshorn,TG,Land
442,Romont,BE,Land
2096,Romont,FR,Land
1007,Romoos,LU,Land
5125,Ronco sopra Ascona,TI,Land
3711,Rongellen,GR,Land
1065,Root,LU,Land
5798,Ropraz,VD,Land
68,Rorbas,ZH,Agglomeration
3215,Rorschach,SG,Stadt
3216,Rorschacherberg,SG,Agglomeration
3808,Rossa,GR,Land
6721,Rossemaison,JU,Land
5684,Rossenges,VD,Land
5842,Rossinière,VD,Land
3637,Rothenbrunnen,GR,Land
1040,Rothenburg,LU,Agglomeration
2858,Rothenfluh,BL,Land
1370,Rothenthurm,SZ,Land
4282,Rothrist,AG,Land
4238,Rottenschwil,AG,Land
5843,Rougemont,VD,Land
3834,Roveredo,GR,Land
5219,Rovio,TI,Land
5928,Rovray,VD,Land
623,Rubigen,BE,Land
4075,Rudolfstetten-Friedlisberg,AG,Agglomeration
2097,Rue,FR,Land
5534,Rueyres,VD,Land
421,Rumendingen,BE,Land
987,Rumisberg,BE,Land
4206,Rupperswil,AG,Land
178,Russikon,ZH,Land
6637,Russin,GE,Land
1098,Ruswil,LU,Land
1039,Römerswil,LU,Land
2791,Röschenz,BL,Land
904,Röthenbach im Emmental,BE,Land
905,Rüderswil,BE,Land
2938,Rüdlingen,SH,Land
420,Rüdtligen-Alchenflüh,BE,Land
880,Rüeggisberg,BE,Land
956,Rüegsau,BE,Land
4112,Rüfenach,AG,Land
4317,Rümikon,AG,Land
97,Rümlang,ZH,Land
881,Rümligen,BE,Land
2859,Rümlingen,BL,Land
2860,Rünenberg,BL,Land
853,Rüschegg,BE,Land
139,Rüschlikon,ZH,Agglomeration
3103,Rüte,AI,Land
3256,Rüthi,SG,Land
118,Rüti,ZH,Land
393,Rüti bei Büren,BE,Land
422,Rüti bei Lyssach,BE,Land
340,Rütschelen,BE,Land
2555,Rüttenen,SO,Land
3788,S-chanf,GR,Land
843,Saanen,BE,Land
6288,Saas-Almagell,VS,Land
6289,Saas-Balen,VS,Land
6290,Saas-Fee,VS,Land
6291,Saas-Grund,VS,Land
1406,Sachseln,OW,Land
4283,Safenwil,AG,Land
3672,Safiental,GR,Land
746,Safnern,BE,Land
3581,Sagogn,GR,Land
706,Saicourt,BE,Land
6757,Saignelégier,JU,Land
6140,Saillon,VS,Land
2041,Saint-Aubin,FR,Land
5535,Saint-Barthélemy,VD,Land
6459,Saint-Blaise,NE,Agglomeration
6758,Saint-Brais,JU,Land
5727,Saint-Cergue,VD,Land
5434,Saint-George,VD,Land
6155,Saint-Gingolph,VS,Land
443,Saint-Imier,BE,Land
5435,Saint-Livres,VD,Land
5888,Saint-Légier-La Chiésaz,VD,Agglomeration
6246,Saint-Léonard,VS,Land
2335,Saint-Martin,FR,Land
6087,Saint-Martin,VS,Land
6217,Saint-Maurice,VS,Land
5436,Saint-Oyens,VD,Land
5646,Saint-Prex,VD,Land
5610,Saint-Saphorin,VD,Land
5648,Saint-Sulpice,VD,Agglomeration
5568,Sainte-Croix,VD,Land
4851,Salenstein,TG,Land
6113,Salgesch,VS,Land
4441,Salmsach,TG,Land
6218,Salvan,VS,Land
3786,Samedan,GR,Land
3752,Samnaun,GR,Land
3835,San Vittore,GR,Land
5017,Sant'Antonino,TI,Land
3810,Santa Maria in Calanca,GR,Land
3296,Sargans,SG,Land
4076,Sarmenstorf,AG,Land
1407,Sarnen,OW,Land
6638,Satigny,GE,Land
1371,Sattel,SZ,Land
5437,Saubraz,VD,Land
449,Sauge,BE,Land
6722,Saulcy,JU,Land
707,Saules,BE,Land
5611,Savigny,VD,Land
6265,Savièse,VS,Agglomeration
5221,Savosa,TI,Agglomeration
591,Saxeten,BE,Land
6141,Saxon,VS,Land
2939,Schaffhausen,SH,Stadt
4207,Schafisheim,AG,Land
906,Schangnau,BE,Land
3638,Scharans,GR,Land
1213,Schattdorf,UR,Land
786,Schattenhalb,BE,Land
708,Schelten,BE,Land
1099,Schenkon,LU,Land
747,Scheuren,BE,Land
3962,Schiers,GR,Land
4125,Schinznach,AG,Land
4546,Schlatt,TG,Land
226,Schlatt,ZH,Land
3104,Schlatt-Haslen,AI,Land
98,Schleinikon,ZH,Land
2952,Schleitheim,SH,Land
1100,Schlierbach,LU,Land
247,Schlieren,ZH,Agglomeration
4142,Schlossrued,AG,Land
3582,Schluein,GR,Land
3338,Schmerikon,SG,Land
4143,Schmiedrued,AG,Land
2305,Schmitten,FR,Land
3514,Schmitten,GR,Land
4318,Schneisingen,AG,Land
2461,Schnottwil,SO,Land
1041,Schongau,LU,Land
4259,Schupfart,AG,Land
4176,Schwaderloch,AG,Land
748,Schwadernau,BE,Agglomeration
592,Schwanden bei Brienz,BE,Land
1066,Schwarzenberg,LU,Land
855,Schwarzenburg,BE,Land
341,Schwarzhäusern,BE,Land
3004,Schwellbrunn,AR,Land
3105,Schwende,AI,Land
197,Schwerzenbach,ZH,Agglomeration
1372,Schwyz,SZ,Land
3315,Schänis,SG,Land
99,Schöfflisdorf,ZH,Land
4144,Schöftland,AG,Land
2774,Schönenbuch,BL,Land
3003,Schönengrund,AR,Land
2583,Schönenwerd,SO,Land
4756,Schönholzerswilen,TG,Land
1143,Schötz,LU,Land
1346,Schübelbach,SZ,Land
311,Schüpfen,BE,Land
1008,Schüpfheim,LU,Land
3762,Scuol,GR,Land
988,Seeberg,BE,Land
312,Seedorf,BE,Land
1214,Seedorf,UR,Land
119,Seegräben,ZH,Land
709,Seehof,BE,Land
1215,Seelisberg,UR,Land
4208,Seengen,AG,Land
2480,Seewen,SO,Land
3972,Seewis im Prättigau,GR,Land
883,Seftigen,BE,Land
2833,Seltisberg,BL,Land
2556,Selzach,SO,Land
6035,Sembrancher,VS,Land
1102,Sempach,LU,Land
2336,Semsales,FR,Land
5499,Senarclens,VD,Land
3274,Sennwald,SG,Land
2225,Senèdes,FR,Land
4209,Seon,AG,Land
5762,Sergey,VD,Land
5050,Serravalle,TI,Land
5799,Servion,VD,Land
5222,Sessa,TI,Land
227,Seuzach,ZH,Land
3275,Sevelen,SG,Land
2953,Siblingen,SH,Land
6248,Sierre,VS,Land
4319,Siglistorf,AG,Land
907,Signau,BE,Land
5728,Signy-Avenex,VD,Land
938,Sigriswil,BE,Land
1216,Silenen,UR,Land
3640,Sils im Domleschg,GR,Land
3789,Sils im Engadin/Segl,GR,Land
3790,Silvaplana,GR,Land
6009,Simplon,VS,Land
4239,Sins,AG,Land
6266,Sion,VS,Stadt
4761,Sirnach,TG,Agglomeration
499,Siselen,BE,Land
1217,Sisikon,UR,Land
2861,Sissach,BL,Land
4177,Sisseln,AG,Land
2099,Siviriez,FR,Land
3823,Soazza,GR,Land
2601,Solothurn,SO,Stadt
4446,Sommeri,TG,Land
444,Sonceboz-Sombeval,BE,Land
5129,Sonogno,TI,Land
445,Sonvilier,BE,Land
6639,Soral,GE,Land
5225,Sorengo,TI,Agglomeration
2153,Sorens,FR,Land
711,Sorvilier,BE,Land
6759,Soubey,JU,Land
6724,Soyhières,JU,Land
3023,Speicher,AR,Land
768,Spiez,BE,Land
1218,Spiringen,UR,Land
4040,Spreitenbach,AG,Agglomeration
2302,St. Antoni,FR,Land
3203,St. Gallen,SG,Stadt
3236,St. Margrethen,SG,Agglomeration
3787,St. Moritz,GR,Land
6292,St. Niklaus,VS,Land
2303,St. Silvester,FR,Land
793,St. Stephan,BE,Land
2304,St. Ursen,FR,Land
5266,Stabio,TI,Land
100,Stadel,ZH,Land
4284,Staffelbach,AG,Land
6293,Stalden,VS,Land
6294,Staldenried,VS,Land
13,Stallikon,ZH,Land
292,Stammheim,ZH,Land
1509,Stans,NW,Land
1510,Stansstad,NW,Land
2584,Starrkirch-Wil,SO,Agglomeration
4210,Staufen,AG,Land
4864,Steckborn,TG,Land
939,Steffisburg,BE,Agglomeration
6204,Steg-Hohtenn,VS,Land
4260,Stein,AG,Land
3005,Stein,AR,Land
2964,Stein am Rhein,SH,Land
3217,Steinach,SG,Agglomeration
1373,Steinen,SZ,Land
1374,Steinerberg,SZ,Land
1708,Steinhausen,ZG,Agglomeration
101,Steinmaur,ZH,Land
4041,Stetten,AG,Land
2919,Stetten,SH,Land
4606,Stettfurt,TG,Land
358,Stettlen,BE,Agglomeration
770,Stocken-Höfen,BE,Land
4285,Strengelbach,AG,Agglomeration
749,Studen,BE,Agglomeration
158,Stäfa,ZH,Agglomeration
2499,Stüsslingen,SO,Land
2532,Subingen,SO,Agglomeration
5929,Suchy,VD,Land
3695,Sufers,GR,Land
4012,Suhr,AG,Agglomeration
4506,Sulgen,TG,Land
5501,Sullens,VD,Land
957,Sumiswald,BE,Land
3985,Sumvitg,GR,Land
2044,Surpierre,FR,Land
1103,Sursee,LU,Land
3543,Surses,GR,Land
5930,Suscévaz,VD,Land
750,Sutz-Lattrigen,BE,Land
5688,Syens,VD,Land
2152,Sâles,FR,Land
2043,Sévaz,FR,Land
5500,Sévery,VD,Land
2306,Tafers,FR,Land
3733,Tamins,GR,Land
5729,Tannay,VD,Agglomeration
5862,Tartegnin,VD,Land
713,Tavannes,BE,Land
2862,Tecknau,BL,Land
4320,Tegerfelden,AG,Land
5131,Tenero-Contra,TI,Land
2863,Tenniken,BL,Land
2307,Tentlingen,FR,Land
6010,Termen,VS,Land
5396,Terre di Pedemonte,TI,Land
3024,Teufen,AR,Land
4145,Teufenthal,AG,Land
940,Teuffenthal,BE,Land
3237,Thal,SG,Agglomeration
4117,Thalheim,AG,Land
39,Thalheim an der Thur,ZH,Land
141,Thalwil,ZH,Agglomeration
2920,Thayngen,SH,Land
2775,Therwil,BL,Agglomeration
941,Thierachern,BE,Agglomeration
942,Thun,BE,Stadt
4611,Thundorf,TG,Land
342,Thunstetten,BE,Land
889,Thurnen,BE,Land
3668,Thusis,GR,Land
6640,Thônex,GE,Agglomeration
989,Thörigen,BE,Land
2864,Thürnen,BL,Land
2894,Titterten,BL,Land
4776,Tobel-Tägerschen,TG,Land
884,Toffen,BE,Land
5649,Tolochenaz,VD,Agglomeration
2115,Torny,FR,Land
5227,Torricella-Taverne,TI,Agglomeration
958,Trachselwald,BE,Land
446,Tramelan,BE,Land
2973,Trasadingen,SH,Land
500,Treiten,BE,Land
5827,Trey,VD,Land
5931,Treycovagnes,VD,Land
5828,Treytorrens,VD,Land
2226,Treyvaux,FR,Land
1104,Triengen,LU,Land
6142,Trient,VS,Land
2500,Trimbach,SO,Agglomeration
3945,Trimmis,GR,Land
3734,Trin,GR,Land
3025,Trogen,AR,Land
6641,Troinex,GE,Agglomeration
6156,Troistorrents,VS,Land
908,Trub,BE,Land
909,Trubschachen,BE,Land
3987,Trun,GR,Land
41,Truttikon,ZH,Land
5730,Trélex,VD,Land
40,Trüllikon,ZH,Land
3669,Tschappina,GR,Land
3932,Tschiertschen-Praden,GR,Land
501,Tschugg,BE,Land
1347,Tuggen,SZ,Land
3986,Tujetsch,GR,Land
228,Turbenthal,ZH,Land
4042,Turgi,AG,Agglomeration
6119,Turtmann-Unterems,VS,Land
756,Twann-Tüscherz,BE,Land
4077,Tägerig,AG,Land
4696,Tägerwilen,TG,Land
6295,Täsch,VS,Land
751,Täuffelen,BE,Land
5571,Tévenon,VD,Land
6296,Törbel,VS,Land
3218,Tübach,SG,Agglomeration
1067,Udligenswil,LU,Land
2308,Ueberstorf,FR,Land
943,Uebeschi,BE,Land
4179,Ueken,AG,Land
4286,Uerkheim,AG,Land
4616,Uesslingen-Buch,TG,Land
944,Uetendorf,BE,Land
159,Uetikon am See,ZH,Agglomeration
4078,Uezwil,AG,Land
1145,Ufhusen,LU,Land
248,Uitikon,ZH,Land
2278,Ulmiz,FR,Land
6201,Unterbäch,VS,Land
3219,Untereggen,SG,Land
249,Unterengstringen,ZH,Agglomeration
4013,Unterentfelden,AG,Agglomeration
1375,Unteriberg,SZ,Land
4146,Unterkulm,AG,Land
945,Unterlangenegg,BE,Land
4079,Unterlunkhofen,AG,Land
2463,Unterramsern,SO,Land
1219,Unterschächen,UR,Land
593,Unterseen,BE,Land
4044,Untersiggenthal,AG,Agglomeration
3946,Untervaz,GR,Land
1709,Unterägeri,ZG,Agglomeration
250,Urdorf,ZH,Agglomeration
3670,Urmein,GR,Land
3006,Urnäsch,AR,Land
344,Ursenbach,BE,Land
5932,Ursins,VD,Land
2102,Ursy,FR,Land
551,Urtenen-Schönbühl,BE,Agglomeration
198,Uster,ZH,Agglomeration
885,Uttigen,BE,Land
4451,Uttwil,TG,Land
552,Utzenstorf,BE,Land
3339,Uznach,SG,Land
3408,Uzwil,SG,Stadt
5268,Vacallo,TI,Agglomeration
3847,Val Müstair,GR,Land
6730,Val Terbi,JU,Land
6157,Val-d'Illiez,VS,Land
2163,Val-de-Charmey,FR,Land
6487,Val-de-Ruz,NE,Land
6512,Val-de-Travers,NE,Land
6485,Valangin,NE,Land
717,Valbirse,BE,Land
5831,Valbroye,VD,Land
5933,Valeyres-sous-Montagny,VD,Land
5763,Valeyres-sous-Rances,VD,Land
5934,Valeyres-sous-Ursins,VD,Land
2045,Vallon,FR,Land
5764,Vallorbe,VD,Land
3603,Vals,GR,Land
3764,Valsot,GR,Land
6642,Vandoeuvres,GE,Agglomeration
6116,Varen,VS,Land
5765,Vaulion,VD,Land
2155,Vaulruz,FR,Land
5650,Vaux-sur-Morges,VD,Land
3506,Vaz/Obervaz,GR,Land
359,Vechigen,BE,Agglomeration
4120,Veltheim,AG,Land
6806,Vendlincourt,JU,Land
6249,Venthône,VS,Land
5230,Vernate,TI,Agglomeration
6219,Vernayaz,VS,Land
6643,Vernier,GE,Agglomeration
6644,Versoix,GE,Agglomeration
5890,Vevey,VD,Stadt
6089,Vex,VS,Land
6250,Veyras,VS,Land
6645,Veyrier,GE,Agglomeration
6267,Veysonnaz,VS,Land
5891,Veytaux,VD,Agglomeration
5231,Vezia,TI,Agglomeration
5732,Vich,VD,Agglomeration
5233,Vico Morcote,TI,Land
5935,Villars-Epeney,VD,Land
5651,Villars-Sainte-Croix,VD,Agglomeration
5690,Villars-le-Comte,VD,Land
5537,Villars-le-Terroir,VD,Land
5652,Villars-sous-Yens,VD,Land
2228,Villars-sur-Glâne,FR,Agglomeration
2230,Villarsel-sur-Marly,FR,Land
5830,Villarzel,VD,Land
2117,Villaz,FR,Land
5414,Villeneuve,VD,Land
448,Villeret,BE,Land
4121,Villigen,AG,Land
4080,Villmergen,AG,Land
4122,Villnachern,AG,Land
2114,Villorsonnens,FR,Land
3297,Vilters-Wangs,SG,Land
502,Vinelz,BE,Land
5863,Vinzel,VD,Land
6158,Vionnaz,VS,Land
6297,Visp,VS,Land
6298,Visperterminen,VS,Land
1068,Vitznau,LU,Land
5135,Vogorno,TI,Land
43,Volken,ZH,Land
199,Volketswil,ZH,Agglomeration
6036,Vollèges,VS,Land
4287,Vordemwald,AG,Land
1348,Vorderthal,SZ,Land
6159,Vouvry,VS,Land
2160,Vuadens,FR,Land
5539,Vuarrens,VD,Land
5692,Vucherens,VD,Land
5503,Vufflens-la-Ville,VD,Land
5653,Vufflens-le-Château,VD,Land
5937,Vugelles-La Mothe,VD,Land
2113,Vuisternens-devant-Romont,FR,Land
5766,Vuiteboeuf,VD,Land
5803,Vulliens,VD,Land
5654,Vullierens,VD,Land
5464,Vully-les-Lacs,VD,Land
6220,Vérossaz,VS,Land
6025,Vétroz,VS,Agglomeration
946,Wachseldorn,BE,Land
4871,Wagenhausen,TG,Land
2792,Wahlen,BL,Land
1710,Walchwil,ZG,Land
3036,Wald,AR,Land
888,Wald,BE,Land
120,Wald,ZH,Land
2895,Waldenburg,BL,Land
3444,Waldkirch,SG,Land
3007,Waldstatt,AR,Land
3298,Walenstadt,SG,Land
626,Walkringen,BE,Land
4261,Wallbach,AG,Land
69,Wallisellen,ZH,Agglomeration
990,Walliswil bei Niederbipp,BE,Land
991,Walliswil bei Wangen,BE,Land
754,Walperswil,BE,Land
4240,Waltenschwil,AG,Land
959,Walterswil,BE,Land
2585,Walterswil,SO,Land
3037,Walzenhausen,AR,Land
1349,Wangen,SZ,Land
992,Wangen an der Aare,BE,Land
2586,Wangen bei Olten,SO,Agglomeration
200,Wangen-Brüttisellen,ZH,Agglomeration
993,Wangenried,BE,Land
3276,Wartau,SG,Land
4621,Warth-Weiningen,TG,Land
1220,Wassen,UR,Land
70,Wasterkingen,ZH,Land
886,Wattenwil,BE,Land
3379,Wattwil,SG,Land
1146,Wauwil,LU,Land
3316,Weesen,SG,Land
4262,Wegenstetten,AG,Land
1069,Weggis,LU,Land
102,Weiach,ZH,Land
4946,Weinfelden,TG,Land
251,Weiningen,ZH,Agglomeration
180,Weisslingen,ZH,Land
2429,Welschenrohr,SO,Land
394,Wengi,BE,Land
2865,Wenslingen,BL,Land
1009,Werthenstein,LU,Land
4045,Wettingen,AG,Agglomeration
14,Wettswil am Albis,ZH,Land
121,Wetzikon,ZH,Agglomeration
632,Wichtrach,BE,Land
4081,Widen,AG,Agglomeration
3238,Widnau,SG,Agglomeration
995,Wiedlisbach,BE,Land
298,Wiesendangen,ZH,Land
553,Wiggiswil,BE,Land
4951,Wigoltingen,TG,Land
1147,Wikon,LU,Agglomeration
3427,Wil,SG,Stadt
71,Wil,ZH,Land
181,Wila,ZH,Land
2974,Wilchingen,SH,Land
182,Wildberg,ZH,Land
594,Wilderswil,BE,Land
3359,Wildhaus-Alt St. Johann,SG,Land
4786,Wilen,TG,Agglomeration
6202,Wiler,VS,Land
554,Wiler bei Utzenstorf,BE,Land
671,Wileroltigen,BE,Land
4288,Wiliberg,AG,Land
423,Willadingen,BE,Land
1151,Willisau,LU,Land
769,Wimmis,BE,Land
4123,Windisch,AG,Agglomeration
72,Winkel,ZH,Agglomeration
2866,Wintersingen,BL,Land
230,Winterthur,ZH,Stadt
2501,Winznau,SO,Agglomeration
2502,Wisen,SO,Land
4322,Wislikofen,AG,Land
3204,Wittenbach,SG,Agglomeration
2481,Witterswil,SO,Land
2867,Wittinsburg,BL,Land
4181,Wittnau,AG,Land
4082,Wohlen,AG,Land
360,Wohlen bei Bern,BE,Land
4046,Wohlenschwil,AG,Land
1511,Wolfenschiessen,NW,Land
3038,Wolfhalden,AR,Land
2408,Wolfwil,SO,Land
1107,Wolhusen,LU,Land
1323,Wollerau,SZ,Agglomeration
627,Worb,BE,Land
755,Worben,BE,Agglomeration
4791,Wuppenau,TG,Land
345,Wynau,BE,Land
424,Wynigen,BE,Land
960,Wyssachen,BE,Land
293,Wädenswil,ZH,Agglomeration
4701,Wäldi,TG,Land
4781,Wängi,TG,Land
4182,Wölflinswil,AG,Land
2309,Wünnewil-Flamatt,FR,Land
4047,Würenlingen,AG,Land
4048,Würenlos,AG,Agglomeration
5655,Yens,VD,Land
5938,Yverdon-les-Bains,VD,Land
5939,Yvonand,VD,Land
5415,Yvorne,VD,Land
2868,Zeglingen,BL,Land
4183,Zeihen,AG,Land
4263,Zeiningen,AG,Land
1150,Zell,LU,Land
231,Zell,ZH,Land
6299,Zeneggen,VS,Land
6300,Zermatt,VS,Land
3746,Zernez,GR,Land
4147,Zetzwil,AG,Land
2834,Ziefen,BL,Land
556,Zielebach,BE,Land
4511,Zihlschlacht-Sitterdorf,TG,Land
3712,Zillis-Reischen,GR,Land
3947,Zizers,GR,Land
4289,Zofingen,AG,Agglomeration
361,Zollikofen,BE,Agglomeration
161,Zollikon,ZH,Agglomeration
2534,Zuchwil,SO,Agglomeration
4083,Zufikon,AG,Agglomeration
1711,Zug,ZG,Stadt
2622,Zullwil,SO,Land
160,Zumikon,ZH,Agglomeration
2869,Zunzgen,BL,Land
3791,Zuoz,GR,Land
4264,Zuzgen,AG,Land
557,Zuzwil,BE,Land
3426,Zuzwil,SG,Land
794,Zweisimmen,BE,Land
947,Zwieselberg,BE,Land
2793,Zwingen,BL,Land
6011,Zwischbergen,VS,Land
628,Zäziwil,BE,Land
261,Zürich,ZH,Stadt
